{
	"id": "sta2e",
	"title": "Star Trek Adventures (2nd Edition)",
	"description": "An -UNOFFICIAL- rendition of the Modiphius TTRPG System.",
	"version": "1.0.0",
	"compatibility": {
		"minimum": "10",
        "verified": "12"
	},
	"templateVersion": 1,
	"authors": [
		{
			"name": "ELH",
			"discord": "elhmk1",
			"url": "https://github.com/ELH-mk1"
		}
	],
	"esmodules": ["module/sta.js"],
	"socket": true,
	"styles": ["sta.css","sta_fabulist.css"],
	"packs": [],
	"languages": [
		{
			"lang": "en",
			"name": "English",
			"path": "lang/en.json"
		},
		{
			"lang": "es",
			"name": "Spanish",
			"path": "lang/es.json"
		},
		{
			"lang": "de",
			"name": "German",
			"path": "lang/de.json"
		},
		{
			"lang": "fr",
			"name": "French",
			"path": "lang/fr.json"
		},
		{
			"lang": "pt",
			"name": "Portugese",
			"path": "lang/pt.json"
		}
	],
	"gridDistance": 5,
	"gridUnits": "m",
	"primaryTokenAttribute": "stress",
	"secondaryTokenAttribute": "determination",
	"url": "https://github.com/ELH-mk1/sta2e",
    "background": "systems/sta2e/assets/splash.webp",
	"manifest": "https://raw.githubusercontent.com/ELH-mk1/sta2e/master/src/system.json",
	"download": "https://raw.githubusercontent.com/ELH-mk1/sta2e/master/package/sta2e-BETA-1.0.0.zip"
}
